{"base_spec":"/pa/units/sea/base_ship/base_ship.json","display_name":"Narwhal","description":"Frigate- Flak anti-air with land/sea machinegun.","max_health":800,"build_metal_cost":1200,"spawn_layers":"WL_WaterSurface","mesh_bounds":[10,25,15],"unit_types":["UNITTYPE_Naval","UNITTYPE_Mobile","UNITTYPE_Offense","UNITTYPE_Advanced","UNITTYPE_AirDefense","UNITTYPE_FactoryBuild"],"guard_radius":150,"guard_layer":"WL_AnySurface","navigation":{"type":"deepwater","acceleration":70,"brake":70,"move_speed":12,"turn_speed":60},"physics":{"radius":10,"push_class":2},"recon":{"observer":{"items":[{"layer":"surface_and_air","channel":"sight","shape":"capsule","radius":150}]}},"model":{"filename":"/pa/units/sea/frigate/frigate.papa","animtree":"/pa/anim/anim_trees/frigate_anim_tree.json","arrows":5},"nearby_target_tick_update_interval":3,"tools":[{"spec_id":"/pa/units/sea/frigate/frigate_tool_weapon_shell.json","aim_bone":"bone_pitch01","muzzle_bone":["socket_muzzle01"]},{"spec_id":"/pa/units/sea/frigate/frigate_tool_weapon_aa.json","aim_bone":"bone_pitch02","muzzle_bone":["socket_rightMuzzle02","socket_leftMuzzle02"]}],"events":{"build_complete":{"audio_cue":"/SE/Build_Complete/sea"},"fired":{"audio_cue":"/SE/Weapons/sea/frigate_fire_1"},"died":{"audio_cue":"/SE/Death/Sea_large"}},"audio":{"loops":{"move":{"cue":"/SE/Movement/sea/frigate_loop","flag":"vel_changed","should_start_func":"is_moving","should_stop_func":"is_not_moving"}}},"TEMP_texelinfo":19.1546}