{"base_spec":"/pa/units/sea/base_ship/base_ship.json","display_name":"Bluebottle","description":"Destroyer- anti-land and anti-ship cannons.","build_metal_cost":600,"max_health":1100,"spawn_layers":"WL_WaterSurface","mesh_bounds":[7,37,12],"unit_types":["UNITTYPE_Naval","UNITTYPE_Mobile","UNITTYPE_Offense","UNITTYPE_Basic","UNITTYPE_FactoryBuild"],"guard_radius":200,"guard_layer":"WL_AnySurface","navigation":{"type":"deepwater","acceleration":60,"brake":60,"move_speed":9,"turn_speed":45},"physics":{"radius":10,"shape":"box","push_class":2},"recon":{"observer":{"items":[{"layer":"surface_and_air","channel":"sight","shape":"capsule","radius":150}]}},"model":{"filename":"/pa/units/sea/destroyer/destroyer.papa","animtree":"/pa/anim/anim_trees/destroyer_anim_tree.json","arrows":5},"nearby_target_tick_update_interval":15,"tools":[{"spec_id":"/pa/units/sea/destroyer/destroyer_tool_weapon.json","aim_bone":"bone_pitch01","muzzle_bone":"socket_rightMuzzle01"},{"spec_id":"/pa/units/sea/destroyer/destroyer_tool_weapon.json","aim_bone":"bone_pitch01","muzzle_bone":"socket_leftMuzzle01"},{"spec_id":"/pa/units/sea/destroyer/destroyer_tool_weapon.json","aim_bone":"bone_pitch02","muzzle_bone":"socket_rightMuzzle02"},{"spec_id":"/pa/units/sea/destroyer/destroyer_tool_weapon.json","aim_bone":"bone_pitch02","muzzle_bone":"socket_leftMuzzle02"}],"events":{"build_complete":{"audio_cue":"/SE/Build_Complete/sea"},"fired":{"audio_cue":"/SE/Weapons/sea/destroyer_fire"},"died":{"audio_cue":"/SE/Death/Sea_large"}},"audio":{"loops":{"move":{"cue":"/SE/Movement/sea/destroyer_loop","flag":"vel_changed","should_start_func":"is_moving","should_stop_func":"is_not_moving"}}},"TEMP_texelinfo":22.1895}