{
    "context": "server",
    "identifier": "com.uberent.pa.mods.stockmods.server.NavalRedux",
    "display_name": "NavalRedux",
    "description": "Complete Rebalance And Expansion to Naval as First Class Citizen.",
    "author": "Stuart98, SquishyPon3, TrophySystem, zx0, ZombieFan564",
    "version": "1.12",
    "build": "70289",
    "date": "2014/8/10",
    "signature": "not yet implemented",
    "forum": "https://forums.uberent.com/threads/rel-server-navalredux-1-2.60768/",
    "id": "NavalRedux",
    "priority": 100,
    "icon": "http://pamods.github.io/icons/NavalReduxIcon.png",
    "enabled": true,
    "dependencies": [
        "com.uberent.pa.mods.stockmods.client.NavalReduxIcons"]
}