{"display_name":"Base Commander","description":"Base Commander Description - If you're seeing this, something is wrong in your commander.","si_name":"commander","strategic_icon_priority":0,"max_health":12500,"build_metal_cost":25000,"buildable_types":"CmdBuild","show_in_orbital_layer":true,"armor_type":"AT_Commander","attachable":{"offsets":{"root":[0,0,0],"head":[0,0,10]}},"production":{"energy":3000,"metal":30},"storage":{"energy":20000,"metal":1000},"unit_types":["UNITTYPE_Commander","UNITTYPE_Construction","UNITTYPE_Mobile","UNITTYPE_Offense","UNITTYPE_Land","UNITTYPE_NoBuild"],"command_caps":["ORDER_Move","ORDER_Patrol","ORDER_Build","ORDER_Attack","ORDER_Reclaim","ORDER_Repair","ORDER_Assist","ORDER_Use","ORDER_FireSecondaryWeapon"],"transportable":{"size":1},"navigation":{"type":"amphibious","acceleration":60,"brake":60,"move_speed":6,"turn_speed":90,"turn_in_place":false},"physics":{"radius":9,"push_class":100},"recon":{"observer":{"items":[{"layer":"surface_and_air","channel":"sight","shape":"capsule","radius":150}]}},"teleportable":{},"tools":[{"spec_id":"/pa/tools/commander_build_arm/commander_build_arm.json","aim_bone":"bone_turret"},{"spec_id":"/pa/units/commanders/base_commander/base_commander_tool_weapon.json","aim_bone":"bone_turret","muzzle_bone":"socket_rightMuzzle","primary_weapon":true},{"spec_id":"/pa/tools/uber_cannon/uber_cannon.json","aim_bone":"bone_turret","muzzle_bone":"socket_rightMuzzle","secondary_weapon":true},{"spec_id":"/pa/units/commanders/base_commander/base_commander_tool_aa_weapon.json","aim_bone":"bone_turret","muzzle_bone":"socket_rightMuzzle","primary_weapon":false},{"spec_id":"/pa/units/commanders/base_commander/base_commander_tool_torpedo_weapon.json","aim_bone":"bone_turret","muzzle_bone":"socket_rightMuzzle","primary_weapon":false},{"spec_id":"/pa/tools/commander_death/commander_death.json","death_weapon":true,"record_index":-1}],"events":{"fired":{"effect_spec":"/pa/effects/specs/default_muzzle_flash.pfx socket_rightMuzzle"}},"fx_offsets":[{"type":"build","filename":"/pa/effects/specs/fab_spray.pfx","bone":"socket_leftMuzzle"}],"audio":{"loops":{"build":{"cue":"/SE/Construction/Commander_contruction_beam_loop","flag":"build_target_changed","should_start_func":"has_build_target","should_stop_func":"no_build_target"},"move":{"cue":"/SE/Movement/commander/Commander_move_loop","flag":"vel_changed","should_start_func":"is_moving","should_stop_func":"is_not_moving"}},"selection_response":{"cue":"/SE/Selection/commander"}},"mesh_bounds":[12.6,8.71255,15.6193]}