{"base_spec":"/pa/units/land/base_structure/base_structure.json","display_name":"!LOC(units:advanced_torpedo_launcher.message):Advanced Torpedo Launcher","description":"!LOC(units:torpedo_launcher_advanced_anti_ship_defense.message):Torpedo Launcher- Advanced anti-ship defense.","max_health":1800,"build_metal_cost":1800,"atrophy_rate":30.0,"atrophy_cool_down":15.0,"spawn_layers":"WL_WaterSurface","area_build_separation":18,"unit_types":["UNITTYPE_Structure","UNITTYPE_Advanced","UNITTYPE_Naval","UNITTYPE_Defense","UNITTYPE_FabAdvBuild"],"guard_layer":"WL_AnySurface","command_caps":["ORDER_Attack"],"events":{"build_complete":{"audio_cue":"/SE/Build_Complete/sea"},"fired":{"audio_cue":"/SE/Weapons/sea/torpedo_fire"},"died":{"audio_cue":"/SE/Death/Sea","effect_scale":0.75}},"model":{"filename":"/pa/units/sea/torpedo_launcher_adv/torpedo_launcher_adv.papa","animations":{"idle":"/pa/units/sea/torpedo_launcher/torpedo_launcher_anim_idle.papa"},"animtree":"/pa/anim/anim_trees/torpedo_launcher_adv_anim_tree.json"},"recon":{"observer":{"items":[{"layer":"surface_and_air","channel":"sight","shape":"capsule","radius":200},{"layer":"surface_and_air","channel":"radar","shape":"capsule","radius":210}]}},"tools":[{"spec_id":"/pa/units/sea/torpedo_launcher_adv/torpedo_launcher_adv_tool_weapon.json","aim_bone":"bone_turret","muzzle_bone":["socket_rightMuzzle","socket_centerMuzzle","socket_leftMuzzle"]}],"TEMP_texelinfo":14.1009,"mesh_bounds":[15,9,5]}