{"base_spec":"/pa/units/sea/base_ship/base_ship.json","display_name":"Sun Fish","description":"Raiding- Fast speed, land/air missiles.","max_health":160,"build_metal_cost":150,"spawn_layers":"WL_WaterSurface","unit_types":["UNITTYPE_Naval","UNITTYPE_Scout","UNITTYPE_Mobile","UNITTYPE_Offense","UNITTYPE_Basic","UNITTYPE_FactoryBuild"],"navigation":{"type":"deepwater","acceleration":200,"brake":200,"move_speed":15,"turn_speed":180,"turn_in_place":false},"physics":{"radius":6,"push_class":2},"recon":{"observer":{"items":[{"layer":"surface_and_air","channel":"sight","shape":"capsule","radius":100}]}},"model":{"filename":"/pa/units/sea/sea_scout/sea_scout.papa","animations":{"idle":"/pa/units/sea/sea_scout/sea_scout_anim_idle.papa"},"animtree":"/pa/anim/anim_trees/constant_idle_anim_tree.json","arrows":5},"tools":[{"spec_id":"/pa/units/sea/sea_scout/sea_scout_tool_weapon.json","aim_bone":"bone_root","muzzle_bone":"bone_root"}],"events":{"build_complete":{"audio_cue":"/SE/Build_Complete/sea"},"fired":{"audio_cue":"/SE/Weapons/sea/sea_scout_fire"},"died":{"audio_cue":"/SE/Death/Sea"}},"audio":{"loops":{"move":{"cue":"/SE/Movement/sea/sea_scout_ship_loop","flag":"vel_changed","should_start_func":"is_moving","should_stop_func":"is_not_moving"}}},"TEMP_texelinfo":4.24257,"mesh_bounds":[3,10.5,3.6]}