{"base_spec":"/pa/units/sea/base_ship/base_ship.json","display_name":"Sea Bass","si_name":"tank_light_laser","description":"Skirmish Boat- High damage anti-naval torpedoes","max_health":410,"build_metal_cost":250,"spawn_layers":"WL_WaterSurface","unit_types":["UNITTYPE_Naval","UNITTYPE_Mobile","UNITTYPE_Offense","UNITTYPE_Basic","UNITTYPE_FactoryBuild"],"guard_radius":200,"guard_layer":"WL_WaterSurface","navigation":{"type":"deepwater","acceleration":8,"brake":10,"move_speed":15,"turn_speed":60},"physics":{"transportable":{"size":1},"radius":3,"push_class":2},"recon":{"observer":{"items":[{"layer":"surface_and_air","channel":"sight","shape":"capsule","radius":140}]}},"model":{"filename":"/pa/units/sea/attack_sub/attack_sub.papa","arrows":5},"tools":[{"spec_id":"/pa/units/sea/attack_sub/attack_sub_tool_weapon.json","aim_bone":"bone_root","muzzle_bone":"bone_root"}],"events":{"build_complete":{"audio_cue":"/SE/Build_Complete/sea"},"fired":{"audio_cue":"/SE/Weapons/sea/attack_sub_fire"},"died":{"audio_cue":"/SE/Death/Sea_sub"}},"audio":{"loops":{"move":{"cue":"/SE/Movement/sea/attack_sub_loop","flag":"vel_changed","should_start_func":"is_moving","should_stop_func":"is_not_moving"}}},"TEMP_texelinfo":8.37977,"mesh_bounds":[4,15,4]}