{"base_spec":"/pa/units/sea/base_ship/base_ship.json","display_name":"Blowfish","si_name":"tank_heavy_armor","description":"Stealth Explosive Boat: Radar Immune, Nuclear Core set to Explode.","max_health":2000,"build_metal_cost":4000,"spawn_layers":"WL_WaterSurface","mesh_bounds":[5,35,5],"unit_types":["UNITTYPE_Naval","UNITTYPE_Mobile","UNITTYPE_Offense","UNITTYPE_Advanced","UNITTYPE_FactoryBuild"],"navigation":{"type":"deepwater","acceleration":50,"brake":50,"move_speed":6,"turn_speed":50},"physics":{"transportable":{"size":1},"radius":6,"push_class":4},"recon":{"observable":{"layer":"surface_and_air","ignore_radar":true},"observer":{"items":[{"layer":"surface_and_air","channel":"sight","shape":"capsule","radius":100}]}},"model":{"filename":"/pa/units/sea/nuclear_sub/nuclear_sub.papa","arrows":5},"tools":[{"spec_id":"/pa/units/sea/nuclear_sub/nuclear_sub_tool_weapon.json","aim_bone":"bone_root","muzzle_bone":"bone_root"}],"events":{"build_complete":{"audio_cue":"/SE/Build_Complete/sea"},"died":{"audio_cue":"/SE/Death/Sea_large"}},"audio":{"loops":{"move":{"cue":"/SE/Movement/sea/nuclear_sub_loop","flag":"vel_changed","should_start_func":"is_moving","should_stop_func":"is_not_moving"}}},"TEMP_texelinfo":16.0481}